dt,x,y,position,velocity,acceleration,jerk,heading
0.020000,2.847487,2.306617,0.000020,0.002000,0.100000,5.000000,1.560311
0.020000,2.847487,2.306617,0.000100,0.006000,0.200000,5.000000,1.560312
0.020000,2.847487,2.306617,0.000280,0.012000,0.300000,5.000000,1.560314
0.020000,2.847487,2.306617,0.000600,0.020000,0.400000,5.000000,1.560318
0.020000,2.847487,2.306617,0.001100,0.030000,0.500000,5.000000,1.560324
0.020000,2.847487,2.306617,0.001820,0.042000,0.600000,5.000000,1.560332
0.020000,2.847487,2.306617,0.002800,0.056000,0.700000,5.000000,1.560343
0.020000,2.847491,2.307018,0.004080,0.072000,0.800000,5.000000,1.560357
0.020000,2.847508,2.308618,0.005680,0.088000,0.800000,0.000000,1.560376
0.020000,2.847528,2.310538,0.007600,0.104000,0.800000,-0.000000,1.560397
0.020000,2.847551,2.312778,0.009840,0.120000,0.800000,-0.000000,1.560423
0.020000,2.847578,2.315338,0.012400,0.136000,0.800000,0.000000,1.560452
0.020000,2.847607,2.318218,0.015280,0.152000,0.800000,0.000000,1.560484
0.020000,2.847640,2.321418,0.018480,0.168000,0.800000,-0.000000,1.560520
0.020000,2.847676,2.324937,0.022000,0.184000,0.800000,0.000000,1.560560
0.020000,2.847716,2.328777,0.025840,0.200000,0.800000,-0.000000,1.560603
0.020000,2.847758,2.332937,0.030000,0.216000,0.800000,0.000000,1.560650
0.020000,2.847803,2.337417,0.034480,0.232000,0.800000,-0.000000,1.560700
0.020000,2.847852,2.342217,0.039280,0.248000,0.800000,0.000000,1.560754
0.020000,2.847903,2.347336,0.044400,0.264000,0.800000,0.000000,1.560811
0.020000,2.847957,2.352776,0.049840,0.280000,0.800000,-0.000000,1.560872
0.020000,2.848014,2.358536,0.055600,0.296000,0.800000,0.000000,1.560936
0.020000,2.848074,2.364615,0.061680,0.312000,0.800000,0.000000,1.561004
0.020000,2.848136,2.371015,0.068080,0.328000,0.800000,-0.000000,1.561075
0.020000,2.848201,2.377735,0.074800,0.344000,0.800000,0.000000,1.561149
0.020000,2.848269,2.384755,0.081820,0.358000,0.700000,-5.000000,1.561226
0.020000,2.848338,2.392034,0.089100,0.370000,0.600000,-5.000000,1.561306
0.020000,2.848409,2.399534,0.096600,0.380000,0.500000,-5.000000,1.561388
0.020000,2.848481,2.407214,0.104280,0.388000,0.400000,-5.000000,1.561472
0.020000,2.848553,2.415033,0.112100,0.394000,0.300000,-5.000000,1.561557
0.020000,2.848626,2.422953,0.120020,0.398000,0.200000,-5.000000,1.561643
0.020000,2.848699,2.430933,0.128000,0.400000,0.100000,-5.000000,1.561729
0.020000,2.848771,2.438932,0.136000,0.400000,0.000000,-5.000000,1.561815
0.020000,2.848843,2.446932,0.144000,0.400000,0.000000,0.000000,1.561901
0.020000,2.848913,2.454932,0.152000,0.400000,0.000000,0.000000,1.561986
0.020000,2.848984,2.462931,0.160000,0.400000,0.000000,0.000000,1.562072
0.020000,2.849053,2.470931,0.168000,0.400000,0.000000,0.000000,1.562157
0.020000,2.849122,2.478931,0.176000,0.400000,0.000000,0.000000,1.562241
0.020000,2.849190,2.486930,0.184000,0.400000,0.000000,0.000000,1.562325
0.020000,2.849257,2.494930,0.192000,0.400000,0.000000,0.000000,1.562410
0.020000,2.849324,2.502930,0.200000,0.400000,0.000000,0.000000,1.562493
0.020000,2.849390,2.510930,0.208000,0.400000,0.000000,0.000000,1.562577
0.020000,2.849456,2.518929,0.216000,0.400000,0.000000,0.000000,1.562660
0.020000,2.849520,2.526929,0.224000,0.400000,0.000000,0.000000,1.562743
0.020000,2.849585,2.534929,0.232000,0.400000,0.000000,0.000000,1.562825
0.020000,2.849648,2.542929,0.240000,0.400000,0.000000,0.000000,1.562907
0.020000,2.849711,2.550928,0.248000,0.400000,0.000000,0.000000,1.562989
0.020000,2.849773,2.558928,0.256000,0.400000,0.000000,0.000000,1.563071
0.020000,2.849834,2.566928,0.264000,0.400000,0.000000,0.000000,1.563152
0.020000,2.849895,2.574928,0.272000,0.400000,0.000000,0.000000,1.563234
0.020000,2.849955,2.582927,0.280000,0.400000,0.000000,0.000000,1.563314
0.020000,2.850015,2.590927,0.288000,0.400000,0.000000,0.000000,1.563395
0.020000,2.850074,2.598927,0.296000,0.400000,0.000000,0.000000,1.563475
0.020000,2.850132,2.606927,0.304000,0.400000,0.000000,0.000000,1.563555
0.020000,2.850190,2.614926,0.312000,0.400000,0.000000,0.000000,1.563634
0.020000,2.850247,2.622926,0.320000,0.400000,0.000000,0.000000,1.563714
0.020000,2.850303,2.630926,0.328000,0.400000,0.000000,0.000000,1.563793
0.020000,2.850359,2.638926,0.336000,0.400000,0.000000,0.000000,1.563871
0.020000,2.850414,2.646926,0.344000,0.400000,0.000000,0.000000,1.563950
0.020000,2.850468,2.654925,0.352000,0.400000,0.000000,0.000000,1.564028
0.020000,2.850522,2.662925,0.360000,0.400000,0.000000,0.000000,1.564106
0.020000,2.850575,2.670925,0.368000,0.400000,0.000000,0.000000,1.564183
0.020000,2.850628,2.678925,0.376000,0.400000,0.000000,0.000000,1.564260
0.020000,2.850680,2.686925,0.384000,0.400000,0.000000,0.000000,1.564337
0.020000,2.850731,2.694925,0.392000,0.400000,0.000000,0.000000,1.564414
0.020000,2.850782,2.702924,0.400000,0.400000,0.000000,0.000000,1.564490
0.020000,2.850832,2.710924,0.408000,0.400000,0.000000,0.000000,1.564566
0.020000,2.850882,2.718924,0.416000,0.400000,0.000000,0.000000,1.564642
0.020000,2.850931,2.726924,0.424000,0.400000,0.000000,0.000000,1.564717
0.020000,2.850979,2.734924,0.432000,0.400000,0.000000,0.000000,1.564793
0.020000,2.851027,2.742924,0.440000,0.400000,0.000000,0.000000,1.564867
0.020000,2.851074,2.750924,0.448000,0.400000,0.000000,0.000000,1.564942
0.020000,2.851120,2.758923,0.456000,0.400000,0.000000,0.000000,1.565016
0.020000,2.851166,2.766923,0.464000,0.400000,0.000000,0.000000,1.565090
0.020000,2.851212,2.774923,0.472000,0.400000,0.000000,0.000000,1.565164
0.020000,2.851256,2.782923,0.480000,0.400000,0.000000,0.000000,1.565237
0.020000,2.851301,2.790923,0.488000,0.400000,0.000000,0.000000,1.565310
0.020000,2.851344,2.798923,0.496000,0.400000,0.000000,0.000000,1.565383
0.020000,2.851387,2.806923,0.504000,0.400000,0.000000,0.000000,1.565456
0.020000,2.851430,2.814923,0.512000,0.400000,0.000000,0.000000,1.565528
0.020000,2.851471,2.822922,0.520000,0.400000,0.000000,0.000000,1.565600
0.020000,2.851513,2.830922,0.528000,0.400000,0.000000,0.000000,1.565671
0.020000,2.851553,2.838922,0.536000,0.400000,0.000000,0.000000,1.565742
0.020000,2.851594,2.846922,0.544000,0.400000,0.000000,0.000000,1.565813
0.020000,2.851633,2.854922,0.552000,0.400000,0.000000,0.000000,1.565884
0.020000,2.851672,2.862922,0.560000,0.400000,0.000000,0.000000,1.565955
0.020000,2.851711,2.870922,0.568000,0.400000,0.000000,0.000000,1.566025
0.020000,2.851749,2.878922,0.576000,0.400000,0.000000,0.000000,1.566094
0.020000,2.851786,2.886922,0.584000,0.400000,0.000000,0.000000,1.566164
0.020000,2.851823,2.894922,0.592000,0.400000,0.000000,0.000000,1.566233
0.020000,2.851859,2.902922,0.600000,0.400000,0.000000,0.000000,1.566302
0.020000,2.851895,2.910921,0.608000,0.400000,0.000000,0.000000,1.566371
0.020000,2.851930,2.918921,0.616000,0.400000,0.000000,0.000000,1.566439
0.020000,2.851964,2.926921,0.624000,0.400000,0.000000,0.000000,1.566507
0.020000,2.851998,2.934921,0.632000,0.400000,0.000000,0.000000,1.566575
0.020000,2.852032,2.942921,0.640000,0.400000,0.000000,0.000000,1.566642
0.020000,2.852065,2.950921,0.648000,0.400000,0.000000,0.000000,1.566709
0.020000,2.852097,2.958921,0.656000,0.400000,0.000000,0.000000,1.566776
0.020000,2.852129,2.966921,0.664000,0.400000,0.000000,0.000000,1.566843
0.020000,2.852161,2.974921,0.672000,0.400000,0.000000,0.000000,1.566909
0.020000,2.852191,2.982921,0.680000,0.400000,0.000000,0.000000,1.566975
0.020000,2.852222,2.990921,0.688000,0.400000,0.000000,0.000000,1.567041
0.020000,2.852251,2.998921,0.696000,0.400000,0.000000,0.000000,1.567106
0.020000,2.852281,3.006921,0.704000,0.400000,0.000000,0.000000,1.567171
0.020000,2.852309,3.014921,0.712000,0.400000,0.000000,0.000000,1.567236
0.020000,2.852338,3.022921,0.720000,0.400000,0.000000,0.000000,1.567300
0.020000,2.852365,3.030921,0.728000,0.400000,0.000000,0.000000,1.567364
0.020000,2.852393,3.038920,0.736000,0.400000,0.000000,0.000000,1.567428
0.020000,2.852419,3.046920,0.744000,0.400000,0.000000,0.000000,1.567492
0.020000,2.852445,3.054920,0.752000,0.400000,0.000000,0.000000,1.567555
0.020000,2.852471,3.062920,0.760000,0.400000,0.000000,0.000000,1.567618
0.020000,2.852496,3.070920,0.768000,0.400000,0.000000,0.000000,1.567681
0.020000,2.852521,3.078920,0.776000,0.400000,0.000000,0.000000,1.567743
0.020000,2.852545,3.086920,0.784000,0.400000,0.000000,0.000000,1.567805
0.020000,2.852569,3.094920,0.792000,0.400000,0.000000,0.000000,1.567867
0.020000,2.852592,3.102920,0.800000,0.400000,0.000000,0.000000,1.567929
0.020000,2.852615,3.110920,0.808000,0.400000,0.000000,0.000000,1.567990
0.020000,2.852637,3.118920,0.816000,0.400000,0.000000,0.000000,1.568051
0.020000,2.852659,3.126920,0.824000,0.400000,0.000000,0.000000,1.568111
0.020000,2.852680,3.134920,0.832000,0.400000,0.000000,0.000000,1.568172
0.020000,2.852701,3.142920,0.840000,0.400000,0.000000,0.000000,1.568232
0.020000,2.852721,3.150920,0.848000,0.400000,0.000000,0.000000,1.568291
0.020000,2.852741,3.158920,0.856000,0.400000,0.000000,0.000000,1.568351
0.020000,2.852760,3.166920,0.864000,0.400000,0.000000,0.000000,1.568410
0.020000,2.852779,3.174920,0.872000,0.400000,0.000000,0.000000,1.568469
0.020000,2.852797,3.182920,0.880000,0.400000,0.000000,0.000000,1.568527
0.020000,2.852815,3.190920,0.888000,0.400000,0.000000,0.000000,1.568586
0.020000,2.852833,3.198920,0.896000,0.400000,0.000000,0.000000,1.568644
0.020000,2.852850,3.206920,0.904000,0.400000,0.000000,0.000000,1.568701
0.020000,2.852866,3.214920,0.912000,0.400000,0.000000,0.000000,1.568759
0.020000,2.852882,3.222920,0.920000,0.400000,0.000000,0.000000,1.568816
0.020000,2.852898,3.230920,0.928000,0.400000,0.000000,0.000000,1.568872
0.020000,2.852913,3.238920,0.936000,0.400000,0.000000,0.000000,1.568929
0.020000,2.852928,3.246920,0.944000,0.400000,0.000000,0.000000,1.568985
0.020000,2.852942,3.254920,0.952000,0.400000,0.000000,0.000000,1.569041
0.020000,2.852956,3.262920,0.960000,0.400000,0.000000,0.000000,1.569096
0.020000,2.852969,3.270920,0.968000,0.400000,0.000000,0.000000,1.569152
0.020000,2.852982,3.278920,0.976000,0.400000,0.000000,0.000000,1.569207
0.020000,2.852995,3.286920,0.984000,0.400000,0.000000,0.000000,1.569261
0.020000,2.853007,3.294920,0.992000,0.400000,0.000000,0.000000,1.569316
0.020000,2.853018,3.302920,1.000000,0.400000,0.000000,0.000000,1.569370
0.020000,2.853030,3.310920,1.008000,0.400000,0.000000,0.000000,1.569424
0.020000,2.853040,3.318920,1.016000,0.400000,0.000000,0.000000,1.569477
0.020000,2.853051,3.326920,1.024000,0.400000,0.000000,0.000000,1.569530
0.020000,2.853061,3.334920,1.032000,0.400000,0.000000,0.000000,1.569583
0.020000,2.853070,3.342920,1.040000,0.400000,0.000000,0.000000,1.569636
0.020000,2.853079,3.350920,1.048000,0.400000,0.000000,0.000000,1.569688
0.020000,2.853088,3.358920,1.056000,0.400000,0.000000,0.000000,1.569740
0.020000,2.853096,3.366920,1.064000,0.400000,0.000000,0.000000,1.569792
0.020000,2.853104,3.374920,1.072000,0.400000,0.000000,0.000000,1.569843
0.020000,2.853111,3.382920,1.080000,0.400000,0.000000,0.000000,1.569895
0.020000,2.853118,3.390920,1.088000,0.400000,0.000000,0.000000,1.569945
0.020000,2.853125,3.398920,1.096000,0.400000,0.000000,0.000000,1.569996
0.020000,2.853131,3.406920,1.104000,0.400000,0.000000,0.000000,1.570046
0.020000,2.853137,3.414920,1.112000,0.400000,0.000000,0.000000,1.570096
0.020000,2.853142,3.422920,1.120000,0.400000,0.000000,0.000000,1.570146
0.020000,2.853147,3.430920,1.128000,0.400000,0.000000,0.000000,1.570195
0.020000,2.853152,3.438920,1.136000,0.400000,0.000000,0.000000,1.570244
0.020000,2.853156,3.446920,1.144000,0.400000,0.000000,0.000000,1.570293
0.020000,2.853160,3.454920,1.152000,0.400000,0.000000,0.000000,1.570341
0.020000,2.853163,3.462920,1.160000,0.400000,0.000000,0.000000,1.570390
0.020000,2.853166,3.470920,1.168000,0.400000,0.000000,0.000000,1.570437
0.020000,2.853169,3.478920,1.176000,0.400000,0.000000,0.000000,1.570485
0.020000,2.853171,3.486920,1.184000,0.400000,0.000000,0.000000,1.570532
0.020000,2.853173,3.494920,1.192000,0.400000,0.000000,0.000000,1.570579
0.020000,2.853175,3.502920,1.200000,0.400000,0.000000,0.000000,1.570626
0.020000,2.853176,3.510920,1.208000,0.400000,0.000000,0.000000,1.570672
0.020000,2.853177,3.518920,1.216000,0.400000,0.000000,0.000000,1.570718
0.020000,2.853177,3.526920,1.224000,0.400000,0.000000,0.000000,1.570764
0.020000,2.853177,3.534920,1.232000,0.400000,0.000000,0.000000,1.570810
0.020000,2.853177,3.542920,1.240000,0.400000,0.000000,0.000000,1.570855
0.020000,2.853176,3.550920,1.248000,0.400000,0.000000,0.000000,1.570900
0.020000,2.853175,3.558920,1.256000,0.400000,0.000000,0.000000,1.570944
0.020000,2.853174,3.566920,1.264000,0.400000,0.000000,0.000000,1.570989
0.020000,2.853172,3.574920,1.272000,0.400000,0.000000,0.000000,1.571033
0.020000,2.853170,3.582920,1.280000,0.400000,0.000000,0.000000,1.571076
0.020000,2.853168,3.590920,1.288000,0.400000,0.000000,0.000000,1.571120
0.020000,2.853165,3.598920,1.296000,0.400000,0.000000,0.000000,1.571163
0.020000,2.853162,3.606920,1.304000,0.400000,0.000000,0.000000,1.571206
0.020000,2.853159,3.614920,1.312000,0.400000,0.000000,0.000000,1.571248
0.020000,2.853155,3.622920,1.320000,0.400000,0.000000,0.000000,1.571291
0.020000,2.853151,3.630920,1.328000,0.400000,0.000000,0.000000,1.571332
0.020000,2.853146,3.638920,1.336000,0.400000,0.000000,0.000000,1.571374
0.020000,2.853141,3.646920,1.344000,0.400000,0.000000,0.000000,1.571415
0.020000,2.853136,3.654920,1.352000,0.400000,0.000000,0.000000,1.571457
0.020000,2.853131,3.662920,1.360000,0.400000,0.000000,0.000000,1.571497
0.020000,2.853125,3.670920,1.368000,0.400000,0.000000,0.000000,1.571538
0.020000,2.853119,3.678920,1.376000,0.400000,0.000000,0.000000,1.571578
0.020000,2.853113,3.686920,1.384000,0.400000,0.000000,0.000000,1.571618
0.020000,2.853106,3.694920,1.392000,0.400000,0.000000,0.000000,1.571657
0.020000,2.853099,3.702920,1.400000,0.400000,0.000000,0.000000,1.571697
0.020000,2.853091,3.710920,1.408000,0.400000,0.000000,0.000000,1.571736
0.020000,2.853084,3.718920,1.416000,0.400000,0.000000,0.000000,1.571774
0.020000,2.853076,3.726920,1.424000,0.400000,0.000000,0.000000,1.571813
0.020000,2.853068,3.734920,1.432000,0.400000,0.000000,0.000000,1.571851
0.020000,2.853059,3.742920,1.440000,0.400000,0.000000,0.000000,1.571888
0.020000,2.853050,3.750920,1.448000,0.400000,0.000000,0.000000,1.571926
0.020000,2.853041,3.758920,1.456000,0.400000,0.000000,0.000000,1.571963
0.020000,2.853031,3.766920,1.464000,0.400000,0.000000,0.000000,1.572000
0.020000,2.853022,3.774920,1.472000,0.400000,0.000000,0.000000,1.572037
0.020000,2.853012,3.782920,1.480000,0.400000,0.000000,0.000000,1.572073
0.020000,2.853001,3.790920,1.488000,0.400000,0.000000,0.000000,1.572109
0.020000,2.852991,3.798920,1.496000,0.400000,0.000000,0.000000,1.572145
0.020000,2.852980,3.806920,1.504000,0.400000,0.000000,0.000000,1.572180
0.020000,2.852968,3.814920,1.512000,0.400000,0.000000,0.000000,1.572215
0.020000,2.852957,3.822920,1.520000,0.400000,0.000000,0.000000,1.572250
0.020000,2.852945,3.830920,1.528000,0.400000,0.000000,0.000000,1.572285
0.020000,2.852933,3.838920,1.536000,0.400000,0.000000,0.000000,1.572319
0.020000,2.852921,3.846919,1.544000,0.400000,0.000000,0.000000,1.572353
0.020000,2.852908,3.854919,1.552000,0.400000,0.000000,0.000000,1.572386
0.020000,2.852895,3.862919,1.560000,0.400000,0.000000,0.000000,1.572420
0.020000,2.852882,3.870919,1.568000,0.400000,0.000000,0.000000,1.572453
0.020000,2.852869,3.878919,1.576000,0.400000,0.000000,0.000000,1.572486
0.020000,2.852855,3.886919,1.584000,0.400000,0.000000,0.000000,1.572518
0.020000,2.852841,3.894919,1.592000,0.400000,0.000000,0.000000,1.572550
0.020000,2.852827,3.902919,1.600000,0.400000,0.000000,0.000000,1.572582
0.020000,2.852813,3.910919,1.608000,0.400000,0.000000,0.000000,1.572614
0.020000,2.852798,3.918919,1.616000,0.400000,0.000000,0.000000,1.572645
0.020000,2.852783,3.926919,1.624000,0.400000,0.000000,0.000000,1.572676
0.020000,2.852768,3.934919,1.632000,0.400000,0.000000,0.000000,1.572706
0.020000,2.852753,3.942919,1.640000,0.400000,0.000000,0.000000,1.572737
0.020000,2.852737,3.950919,1.648000,0.400000,0.000000,0.000000,1.572767
0.020000,2.852721,3.958919,1.656000,0.400000,0.000000,0.000000,1.572797
0.020000,2.852705,3.966919,1.664000,0.400000,0.000000,0.000000,1.572826
0.020000,2.852689,3.974919,1.672000,0.400000,0.000000,0.000000,1.572855
0.020000,2.852672,3.982919,1.680000,0.400000,0.000000,0.000000,1.572884
0.020000,2.852655,3.990919,1.688000,0.400000,0.000000,0.000000,1.572913
0.020000,2.852638,3.998919,1.696000,0.400000,0.000000,0.000000,1.572941
0.020000,2.852621,4.006919,1.704000,0.400000,0.000000,0.000000,1.572969
0.020000,2.852603,4.014919,1.712000,0.400000,0.000000,0.000000,1.572997
0.020000,2.852586,4.022919,1.720000,0.400000,0.000000,0.000000,1.573024
0.020000,2.852568,4.030919,1.728000,0.400000,0.000000,0.000000,1.573051
0.020000,2.852550,4.038919,1.736000,0.400000,0.000000,0.000000,1.573078
0.020000,2.852531,4.046919,1.744000,0.400000,0.000000,0.000000,1.573105
0.020000,2.852513,4.054919,1.752000,0.400000,0.000000,0.000000,1.573131
0.020000,2.852494,4.062919,1.760000,0.400000,0.000000,0.000000,1.573157
0.020000,2.852475,4.070919,1.768000,0.400000,0.000000,0.000000,1.573182
0.020000,2.852456,4.078919,1.776000,0.400000,0.000000,0.000000,1.573208
0.020000,2.852436,4.086919,1.784000,0.400000,0.000000,0.000000,1.573233
0.020000,2.852417,4.094919,1.792000,0.400000,0.000000,0.000000,1.573258
0.020000,2.852397,4.102919,1.800000,0.400000,0.000000,0.000000,1.573282
0.020000,2.852377,4.110919,1.808000,0.400000,0.000000,0.000000,1.573306
0.020000,2.852357,4.118919,1.816000,0.400000,0.000000,0.000000,1.573330
0.020000,2.852336,4.126919,1.824000,0.400000,0.000000,0.000000,1.573354
0.020000,2.852316,4.134919,1.832000,0.400000,0.000000,0.000000,1.573377
0.020000,2.852295,4.142919,1.840000,0.400000,0.000000,0.000000,1.573400
0.020000,2.852274,4.150919,1.848000,0.400000,0.000000,0.000000,1.573422
0.020000,2.852253,4.158919,1.856000,0.400000,0.000000,0.000000,1.573445
0.020000,2.852232,4.166919,1.864000,0.400000,0.000000,0.000000,1.573467
0.020000,2.852210,4.174919,1.872000,0.400000,0.000000,0.000000,1.573489
0.020000,2.852189,4.182919,1.880000,0.400000,0.000000,0.000000,1.573510
0.020000,2.852167,4.190919,1.888000,0.400000,0.000000,0.000000,1.573531
0.020000,2.852145,4.198919,1.896000,0.400000,0.000000,0.000000,1.573552
0.020000,2.852123,4.206919,1.904000,0.400000,0.000000,0.000000,1.573573
0.020000,2.852101,4.214919,1.912000,0.400000,0.000000,0.000000,1.573593
0.020000,2.852078,4.222919,1.920000,0.400000,0.000000,0.000000,1.573613
0.020000,2.852056,4.230918,1.928000,0.400000,0.000000,0.000000,1.573633
0.020000,2.852033,4.238918,1.936000,0.400000,0.000000,0.000000,1.573652
0.020000,2.852010,4.246918,1.944000,0.400000,0.000000,0.000000,1.573671
0.020000,2.851987,4.254918,1.952000,0.400000,0.000000,0.000000,1.573690
0.020000,2.851964,4.262918,1.960000,0.400000,0.000000,0.000000,1.573709
0.020000,2.851940,4.270918,1.968000,0.400000,0.000000,0.000000,1.573727
0.020000,2.851917,4.278918,1.976000,0.400000,0.000000,0.000000,1.573745
0.020000,2.851893,4.286918,1.984000,0.400000,0.000000,0.000000,1.573762
0.020000,2.851869,4.294918,1.992000,0.400000,0.000000,0.000000,1.573780
0.020000,2.851845,4.302918,2.000000,0.400000,0.000000,0.000000,1.573797
0.020000,2.851821,4.310918,2.008000,0.400000,0.000000,0.000000,1.573814
0.020000,2.851797,4.318918,2.016000,0.400000,0.000000,0.000000,1.573830
0.020000,2.851773,4.326918,2.024000,0.400000,0.000000,0.000000,1.573846
0.020000,2.851748,4.334918,2.032000,0.400000,0.000000,0.000000,1.573862
0.020000,2.851724,4.342918,2.040000,0.400000,0.000000,0.000000,1.573878
0.020000,2.851699,4.350918,2.048000,0.400000,0.000000,0.000000,1.573893
0.020000,2.851674,4.358918,2.056000,0.400000,0.000000,0.000000,1.573908
0.020000,2.851649,4.366918,2.064000,0.400000,0.000000,0.000000,1.573922
0.020000,2.851624,4.374918,2.072000,0.400000,0.000000,0.000000,1.573937
0.020000,2.851599,4.382918,2.080000,0.400000,0.000000,0.000000,1.573951
0.020000,2.851574,4.390918,2.088000,0.400000,0.000000,0.000000,1.573965
0.020000,2.851548,4.398918,2.096000,0.400000,0.000000,0.000000,1.573978
0.020000,2.851523,4.406918,2.104000,0.400000,0.000000,0.000000,1.573991
0.020000,2.851497,4.414918,2.112000,0.400000,0.000000,0.000000,1.574004
0.020000,2.851471,4.422918,2.120000,0.400000,0.000000,0.000000,1.574017
0.020000,2.851446,4.430918,2.128000,0.400000,0.000000,0.000000,1.574029
0.020000,2.851420,4.438918,2.136000,0.400000,0.000000,0.000000,1.574041
0.020000,2.851394,4.446917,2.144000,0.400000,0.000000,0.000000,1.574053
0.020000,2.851368,4.454917,2.152000,0.400000,0.000000,0.000000,1.574064
0.020000,2.851341,4.462917,2.160000,0.400000,0.000000,0.000000,1.574075
0.020000,2.851315,4.470917,2.168000,0.400000,0.000000,0.000000,1.574086
0.020000,2.851289,4.478917,2.176000,0.400000,0.000000,0.000000,1.574097
0.020000,2.851262,4.486917,2.184000,0.400000,0.000000,0.000000,1.574107
0.020000,2.851236,4.494917,2.192000,0.400000,0.000000,0.000000,1.574117
0.020000,2.851209,4.502917,2.200000,0.400000,0.000000,0.000000,1.574126
0.020000,2.851182,4.510917,2.208000,0.400000,0.000000,0.000000,1.574136
0.020000,2.851156,4.518917,2.216000,0.400000,0.000000,0.000000,1.574145
0.020000,2.851129,4.526917,2.224000,0.400000,0.000000,0.000000,1.574153
0.020000,2.851102,4.534917,2.232000,0.400000,0.000000,0.000000,1.574162
0.020000,2.851075,4.542917,2.240000,0.400000,0.000000,0.000000,1.574170
0.020000,2.851048,4.550917,2.248000,0.400000,0.000000,0.000000,1.574178
0.020000,2.851021,4.558917,2.256000,0.400000,0.000000,0.000000,1.574185
0.020000,2.850994,4.566917,2.264000,0.400000,0.000000,0.000000,1.574193
0.020000,2.850967,4.574917,2.272000,0.400000,0.000000,0.000000,1.574200
0.020000,2.850939,4.582917,2.280000,0.400000,0.000000,0.000000,1.574206
0.020000,2.850912,4.590917,2.288000,0.400000,0.000000,0.000000,1.574213
0.020000,2.850885,4.598917,2.296000,0.400000,0.000000,0.000000,1.574219
0.020000,2.850857,4.606917,2.304000,0.400000,0.000000,0.000000,1.574224
0.020000,2.850830,4.614917,2.312000,0.400000,0.000000,0.000000,1.574230
0.020000,2.850802,4.622916,2.320000,0.400000,0.000000,0.000000,1.574235
0.020000,2.850775,4.630916,2.328000,0.400000,0.000000,0.000000,1.574240
0.020000,2.850747,4.638916,2.336000,0.400000,0.000000,0.000000,1.574244
0.020000,2.850720,4.646916,2.344000,0.400000,0.000000,0.000000,1.574249
0.020000,2.850692,4.654916,2.352000,0.400000,0.000000,0.000000,1.574253
0.020000,2.850664,4.662916,2.360000,0.400000,0.000000,0.000000,1.574256
0.020000,2.850637,4.670916,2.368000,0.400000,0.000000,0.000000,1.574260
0.020000,2.850609,4.678916,2.376000,0.400000,0.000000,0.000000,1.574263
0.020000,2.850581,4.686916,2.384000,0.400000,0.000000,0.000000,1.574266
0.020000,2.850553,4.694916,2.392000,0.400000,0.000000,0.000000,1.574268
0.020000,2.850526,4.702916,2.400000,0.400000,0.000000,0.000000,1.574270
0.020000,2.850498,4.710916,2.408000,0.400000,0.000000,0.000000,1.574272
0.020000,2.850470,4.718916,2.416000,0.400000,0.000000,0.000000,1.574274
0.020000,2.850442,4.726916,2.424000,0.400000,0.000000,0.000000,1.574275
0.020000,2.850414,4.734916,2.432000,0.400000,0.000000,0.000000,1.574276
0.020000,2.850387,4.742916,2.440000,0.400000,0.000000,0.000000,1.574277
0.020000,2.850359,4.750916,2.448000,0.400000,0.000000,0.000000,1.574277
0.020000,2.850331,4.758916,2.456000,0.400000,0.000000,0.000000,1.574278
0.020000,2.850303,4.766916,2.464000,0.400000,0.000000,0.000000,1.574277
0.020000,2.850275,4.774916,2.472000,0.400000,0.000000,0.000000,1.574277
0.020000,2.850247,4.782916,2.480000,0.400000,0.000000,0.000000,1.574276
0.020000,2.850219,4.790915,2.488000,0.400000,0.000000,0.000000,1.574275
0.020000,2.850192,4.798915,2.496000,0.400000,0.000000,0.000000,1.574274
0.020000,2.850164,4.806915,2.504000,0.400000,0.000000,0.000000,1.574272
0.020000,2.850136,4.814915,2.512000,0.400000,0.000000,0.000000,1.574270
0.020000,2.850108,4.822915,2.520000,0.400000,0.000000,0.000000,1.574268
0.020000,2.850080,4.830915,2.528000,0.400000,0.000000,0.000000,1.574265
0.020000,2.850053,4.838915,2.536000,0.400000,0.000000,0.000000,1.574263
0.020000,2.850025,4.846915,2.544000,0.400000,0.000000,0.000000,1.574260
0.020000,2.849997,4.854915,2.552000,0.400000,0.000000,0.000000,1.574256
0.020000,2.849970,4.862915,2.560000,0.400000,0.000000,0.000000,1.574252
0.020000,2.849942,4.870915,2.568000,0.400000,0.000000,0.000000,1.574248
0.020000,2.849914,4.878915,2.576000,0.400000,0.000000,0.000000,1.574244
0.020000,2.849887,4.886915,2.584000,0.400000,0.000000,0.000000,1.574239
0.020000,2.849859,4.894915,2.592000,0.400000,0.000000,0.000000,1.574235
0.020000,2.849832,4.902915,2.600000,0.400000,0.000000,0.000000,1.574229
0.020000,2.849804,4.910915,2.608000,0.400000,0.000000,0.000000,1.574224
0.020000,2.849777,4.918915,2.616000,0.400000,0.000000,0.000000,1.574218
0.020000,2.849750,4.926915,2.624000,0.400000,0.000000,0.000000,1.574212
0.020000,2.849722,4.934915,2.632000,0.400000,0.000000,0.000000,1.574206
0.020000,2.849695,4.942915,2.640000,0.400000,0.000000,0.000000,1.574199
0.020000,2.849668,4.950915,2.648000,0.400000,0.000000,0.000000,1.574192
0.020000,2.849641,4.958914,2.656000,0.400000,0.000000,0.000000,1.574185
0.020000,2.849614,4.966914,2.664000,0.400000,0.000000,0.000000,1.574177
0.020000,2.849587,4.974914,2.672000,0.400000,0.000000,0.000000,1.574169
0.020000,2.849560,4.982914,2.680000,0.400000,0.000000,0.000000,1.574161
0.020000,2.849533,4.990914,2.688000,0.400000,0.000000,0.000000,1.574153
0.020000,2.849506,4.998914,2.696000,0.400000,0.000000,0.000000,1.574144
0.020000,2.849479,5.006914,2.704000,0.400000,0.000000,0.000000,1.574135
0.020000,2.849453,5.014914,2.712000,0.400000,0.000000,0.000000,1.574125
0.020000,2.849426,5.022914,2.720000,0.400000,0.000000,0.000000,1.574116
0.020000,2.849400,5.030914,2.728000,0.400000,0.000000,0.000000,1.574106
0.020000,2.849373,5.038914,2.736000,0.400000,0.000000,0.000000,1.574095
0.020000,2.849347,5.046914,2.744000,0.400000,0.000000,0.000000,1.574085
0.020000,2.849320,5.054914,2.752000,0.400000,0.000000,0.000000,1.574074
0.020000,2.849294,5.062914,2.760000,0.400000,0.000000,0.000000,1.574063
0.020000,2.849268,5.070914,2.768000,0.400000,0.000000,0.000000,1.574052
0.020000,2.849242,5.078914,2.776000,0.400000,0.000000,0.000000,1.574040
0.020000,2.849216,5.086914,2.784000,0.400000,0.000000,0.000000,1.574028
0.020000,2.849190,5.094914,2.792000,0.400000,0.000000,0.000000,1.574015
0.020000,2.849165,5.102914,2.800000,0.400000,0.000000,0.000000,1.574003
0.020000,2.849139,5.110914,2.808000,0.400000,0.000000,0.000000,1.573990
0.020000,2.849114,5.118914,2.816000,0.400000,0.000000,0.000000,1.573977
0.020000,2.849088,5.126914,2.824000,0.400000,0.000000,0.000000,1.573963
0.020000,2.849063,5.134914,2.832000,0.400000,0.000000,0.000000,1.573949
0.020000,2.849038,5.142913,2.840000,0.400000,0.000000,0.000000,1.573935
0.020000,2.849013,5.150913,2.848000,0.400000,0.000000,0.000000,1.573921
0.020000,2.848988,5.158913,2.856000,0.400000,0.000000,0.000000,1.573906
0.020000,2.848963,5.166913,2.864000,0.400000,0.000000,0.000000,1.573891
0.020000,2.848938,5.174913,2.872000,0.400000,0.000000,0.000000,1.573876
0.020000,2.848914,5.182913,2.880000,0.400000,0.000000,0.000000,1.573860
0.020000,2.848889,5.190913,2.888000,0.400000,0.000000,0.000000,1.573845
0.020000,2.848865,5.198913,2.896000,0.400000,0.000000,0.000000,1.573828
0.020000,2.848841,5.206913,2.904000,0.400000,0.000000,0.000000,1.573812
0.020000,2.848817,5.214913,2.912000,0.400000,0.000000,0.000000,1.573795
0.020000,2.848793,5.222913,2.920000,0.400000,0.000000,0.000000,1.573778
0.020000,2.848769,5.230913,2.928000,0.400000,0.000000,0.000000,1.573761
0.020000,2.848745,5.238913,2.936000,0.400000,0.000000,0.000000,1.573743
0.020000,2.848722,5.246913,2.944000,0.400000,0.000000,0.000000,1.573725
0.020000,2.848699,5.254913,2.952000,0.400000,0.000000,0.000000,1.573707
0.020000,2.848675,5.262913,2.960000,0.400000,0.000000,0.000000,1.573688
0.020000,2.848652,5.270913,2.968000,0.400000,0.000000,0.000000,1.573669
0.020000,2.848629,5.278913,2.976000,0.400000,0.000000,0.000000,1.573650
0.020000,2.848607,5.286913,2.984000,0.400000,0.000000,0.000000,1.573631
0.020000,2.848584,5.294913,2.992000,0.400000,0.000000,0.000000,1.573611
0.020000,2.848562,5.302913,3.000000,0.400000,0.000000,0.000000,1.573591
0.020000,2.848539,5.310913,3.008000,0.400000,0.000000,0.000000,1.573571
0.020000,2.848517,5.318913,3.016000,0.400000,0.000000,0.000000,1.573550
0.020000,2.848495,5.326913,3.024000,0.400000,0.000000,0.000000,1.573529
0.020000,2.848473,5.334913,3.032000,0.400000,0.000000,0.000000,1.573508
0.020000,2.848452,5.342913,3.040000,0.400000,0.000000,0.000000,1.573487
0.020000,2.848430,5.350913,3.048000,0.400000,0.000000,0.000000,1.573465
0.020000,2.848409,5.358913,3.056000,0.400000,0.000000,0.000000,1.573443
0.020000,2.848388,5.366913,3.064000,0.400000,0.000000,0.000000,1.573420
0.020000,2.848367,5.374913,3.072000,0.400000,0.000000,0.000000,1.573398
0.020000,2.848346,5.382912,3.080000,0.400000,0.000000,0.000000,1.573375
0.020000,2.848326,5.390912,3.088000,0.400000,0.000000,0.000000,1.573351
0.020000,2.848306,5.398912,3.096000,0.400000,0.000000,0.000000,1.573328
0.020000,2.848285,5.406912,3.104000,0.400000,0.000000,0.000000,1.573304
0.020000,2.848265,5.414912,3.112000,0.400000,0.000000,0.000000,1.573280
0.020000,2.848246,5.422912,3.120000,0.400000,0.000000,0.000000,1.573255
0.020000,2.848226,5.430912,3.128000,0.400000,0.000000,0.000000,1.573230
0.020000,2.848207,5.438912,3.136000,0.400000,0.000000,0.000000,1.573205
0.020000,2.848188,5.446912,3.144000,0.400000,0.000000,0.000000,1.573180
0.020000,2.848169,5.454912,3.152000,0.400000,0.000000,0.000000,1.573154
0.020000,2.848150,5.462912,3.160000,0.400000,0.000000,0.000000,1.573128
0.020000,2.848131,5.470912,3.168000,0.400000,0.000000,0.000000,1.573102
0.020000,2.848113,5.478912,3.176000,0.400000,0.000000,0.000000,1.573076
0.020000,2.848095,5.486912,3.184000,0.400000,0.000000,0.000000,1.573049
0.020000,2.848077,5.494912,3.192000,0.400000,0.000000,0.000000,1.573022
0.020000,2.848059,5.502912,3.200000,0.400000,0.000000,0.000000,1.572994
0.020000,2.848042,5.510912,3.208000,0.400000,0.000000,0.000000,1.572966
0.020000,2.848024,5.518912,3.216000,0.400000,0.000000,0.000000,1.572938
0.020000,2.848007,5.526912,3.224000,0.400000,0.000000,0.000000,1.572910
0.020000,2.847991,5.534912,3.232000,0.400000,0.000000,0.000000,1.572881
0.020000,2.847974,5.542912,3.240000,0.400000,0.000000,0.000000,1.572852
0.020000,2.847958,5.550912,3.248000,0.400000,0.000000,0.000000,1.572823
0.020000,2.847942,5.558912,3.256000,0.400000,0.000000,0.000000,1.572794
0.020000,2.847926,5.566912,3.264000,0.400000,0.000000,0.000000,1.572764
0.020000,2.847910,5.574912,3.272000,0.400000,0.000000,0.000000,1.572734
0.020000,2.847895,5.582912,3.280000,0.400000,0.000000,0.000000,1.572703
0.020000,2.847880,5.590912,3.288000,0.400000,0.000000,0.000000,1.572673
0.020000,2.847865,5.598912,3.296000,0.400000,0.000000,0.000000,1.572642
0.020000,2.847850,5.606912,3.304000,0.400000,0.000000,0.000000,1.572610
0.020000,2.847836,5.614912,3.312000,0.400000,0.000000,0.000000,1.572579
0.020000,2.847822,5.622912,3.320000,0.400000,0.000000,0.000000,1.572547
0.020000,2.847808,5.630912,3.328000,0.400000,0.000000,0.000000,1.572515
0.020000,2.847794,5.638912,3.336000,0.400000,0.000000,0.000000,1.572482
0.020000,2.847781,5.646912,3.344000,0.400000,0.000000,0.000000,1.572450
0.020000,2.847768,5.654912,3.352000,0.400000,0.000000,0.000000,1.572416
0.020000,2.847755,5.662912,3.360000,0.400000,0.000000,0.000000,1.572383
0.020000,2.847742,5.670912,3.368000,0.400000,0.000000,0.000000,1.572349
0.020000,2.847730,5.678912,3.376000,0.400000,0.000000,0.000000,1.572315
0.020000,2.847718,5.686912,3.384000,0.400000,0.000000,0.000000,1.572281
0.020000,2.847706,5.694912,3.392000,0.400000,0.000000,0.000000,1.572247
0.020000,2.847695,5.702912,3.400000,0.400000,0.000000,0.000000,1.572212
0.020000,2.847684,5.710912,3.408000,0.400000,0.000000,0.000000,1.572177
0.020000,2.847673,5.718912,3.416000,0.400000,0.000000,0.000000,1.572141
0.020000,2.847662,5.726912,3.424000,0.400000,0.000000,0.000000,1.572105
0.020000,2.847652,5.734912,3.432000,0.400000,0.000000,0.000000,1.572069
0.020000,2.847642,5.742912,3.440000,0.400000,0.000000,0.000000,1.572033
0.020000,2.847632,5.750912,3.448000,0.400000,0.000000,0.000000,1.571996
0.020000,2.847623,5.758912,3.456000,0.400000,0.000000,0.000000,1.571960
0.020000,2.847613,5.766912,3.464000,0.400000,0.000000,0.000000,1.571922
0.020000,2.847605,5.774912,3.472000,0.400000,0.000000,0.000000,1.571885
0.020000,2.847596,5.782912,3.480000,0.400000,0.000000,0.000000,1.571847
0.020000,2.847588,5.790912,3.488000,0.400000,0.000000,0.000000,1.571809
0.020000,2.847580,5.798912,3.496000,0.400000,0.000000,0.000000,1.571770
0.020000,2.847572,5.806912,3.504000,0.400000,0.000000,0.000000,1.571732
0.020000,2.847565,5.814912,3.512000,0.400000,0.000000,0.000000,1.571693
0.020000,2.847558,5.822912,3.520000,0.400000,0.000000,0.000000,1.571653
0.020000,2.847551,5.830912,3.528000,0.400000,0.000000,0.000000,1.571614
0.020000,2.847545,5.838912,3.536000,0.400000,0.000000,0.000000,1.571574
0.020000,2.847539,5.846912,3.544000,0.400000,0.000000,0.000000,1.571534
0.020000,2.847533,5.854912,3.552000,0.400000,0.000000,0.000000,1.571493
0.020000,2.847528,5.862896,3.559984,0.398390,-0.080500,-4.025013,1.571453
0.020000,2.847522,5.870827,3.567916,0.394780,-0.180500,-5.000000,1.571412
0.020000,2.847518,5.878667,3.575755,0.389170,-0.280500,-5.000000,1.571371
0.020000,2.847514,5.886374,3.583462,0.381560,-0.380500,-5.000000,1.571331
0.020000,2.847510,5.893909,3.590997,0.371950,-0.480500,-5.000000,1.571292
0.020000,2.847506,5.901232,3.598320,0.360340,-0.580500,-5.000000,1.571253
0.020000,2.847503,5.908303,3.605391,0.346730,-0.680500,-5.000000,1.571215
0.020000,2.847500,5.915081,3.612170,0.331120,-0.780500,-5.000000,1.571179
0.020000,2.847498,5.921544,3.618632,0.315120,-0.800000,-0.974987,1.571145
0.020000,2.847496,5.927686,3.624774,0.299120,-0.800000,0.000000,1.571111
0.020000,2.847494,5.933508,3.630597,0.283120,-0.800000,-0.000000,1.571080
0.020000,2.847493,5.939011,3.636099,0.267120,-0.800000,0.000000,1.571050
0.020000,2.847491,5.944193,3.641282,0.251120,-0.800000,0.000000,1.571021
0.020000,2.847490,5.949056,3.646144,0.235120,-0.800000,-0.000000,1.570995
0.020000,2.847490,5.953598,3.650686,0.219120,-0.800000,0.000000,1.570969
0.020000,2.847489,5.957820,3.654909,0.203120,-0.800000,0.000000,1.570946
0.020000,2.847488,5.961723,3.658811,0.187120,-0.800000,-0.000000,1.570924
0.020000,2.847488,5.965305,3.662394,0.171120,-0.800000,0.000000,1.570904
0.020000,2.847488,5.968568,3.665656,0.155120,-0.800000,0.000000,1.570886
0.020000,2.847487,5.971510,3.668598,0.139120,-0.800000,0.000000,1.570870
0.020000,2.847487,5.974132,3.671221,0.123120,-0.800000,-0.000000,1.570855
0.020000,2.847487,5.976435,3.673523,0.107120,-0.800000,0.000000,1.570842
0.020000,2.847487,5.978417,3.675506,0.091120,-0.800000,-0.000000,1.570831
0.020000,2.847487,5.980080,3.677168,0.075120,-0.800000,-0.000000,1.570821
0.020000,2.847487,5.981422,3.678510,0.059120,-0.800000,0.000000,1.570814
0.020000,2.847487,5.982461,3.679549,0.044730,-0.719500,4.025013,1.570808
0.020000,2.847487,5.983231,3.680320,0.032340,-0.619500,5.000000,1.570803
0.020000,2.847487,5.983774,3.680862,0.021950,-0.519500,5.000000,1.570800
0.020000,2.847487,5.984129,3.681218,0.013560,-0.419500,5.000000,1.570798
0.020000,2.847487,5.984337,3.681425,0.007170,-0.319500,5.000000,1.570797
0.020000,2.847487,5.984436,3.681524,0.002780,-0.219500,5.000000,1.570797
0.020000,2.847487,5.984468,3.681556,0.000390,-0.119500,5.000000,1.570796
0.020000,2.847487,5.984472,3.681560,0.000000,-0.019500,5.000000,1.570796
0.020000,2.847487,5.984472,3.681560,0.000000,0.000000,0.974987,1.570796
